PRAGMA foreign_keys=OFF;
BEGIN TRANSACTION;
CREATE TABLE IF NOT EXISTS "django_migrations" ("id" integer NOT NULL PRIMARY KEY AUTOINCREMENT, "app" varchar(255) NOT NULL, "name" varchar(255) NOT NULL, "applied" datetime NOT NULL);
INSERT INTO django_migrations VALUES(1,'contenttypes','0001_initial','2025-05-29 08:44:39.740407');
INSERT INTO django_migrations VALUES(2,'contenttypes','0002_remove_content_type_name','2025-05-29 08:44:39.743267');
INSERT INTO django_migrations VALUES(3,'auth','0001_initial','2025-05-29 08:44:39.747621');
INSERT INTO django_migrations VALUES(4,'auth','0002_alter_permission_name_max_length','2025-05-29 08:44:39.750310');
INSERT INTO django_migrations VALUES(5,'auth','0003_alter_user_email_max_length','2025-05-29 08:44:39.752943');
INSERT INTO django_migrations VALUES(6,'auth','0004_alter_user_username_opts','2025-05-29 08:44:39.755686');
INSERT INTO django_migrations VALUES(7,'auth','0005_alter_user_last_login_null','2025-05-29 08:44:39.758238');
INSERT INTO django_migrations VALUES(8,'auth','0006_require_contenttypes_0002','2025-05-29 08:44:39.758984');
INSERT INTO django_migrations VALUES(9,'auth','0007_alter_validators_add_error_messages','2025-05-29 08:44:39.760856');
INSERT INTO django_migrations VALUES(10,'auth','0008_alter_user_username_max_length','2025-05-29 08:44:39.764531');
INSERT INTO django_migrations VALUES(11,'auth','0009_alter_user_last_name_max_length','2025-05-29 08:44:39.767139');
INSERT INTO django_migrations VALUES(12,'auth','0010_alter_group_name_max_length','2025-05-29 08:44:39.769724');
INSERT INTO django_migrations VALUES(13,'auth','0011_update_proxy_permissions','2025-05-29 08:44:39.771624');
INSERT INTO django_migrations VALUES(14,'auth','0012_alter_user_first_name_max_length','2025-05-29 08:44:39.773655');
INSERT INTO django_migrations VALUES(19,'sessions','0001_initial','2025-05-29 08:44:39.882749');
INSERT INTO django_migrations VALUES(36,'registration','0001_initial','2025-05-29 08:58:21.040137');
INSERT INTO django_migrations VALUES(37,'admin','0001_initial','2025-05-29 08:58:21.047530');
INSERT INTO django_migrations VALUES(38,'admin','0002_logentry_remove_auto_add','2025-05-29 08:58:21.053711');
INSERT INTO django_migrations VALUES(39,'admin','0003_logentry_add_action_flag_choices','2025-05-29 08:58:21.057966');
INSERT INTO django_migrations VALUES(40,'token_blacklist','0001_initial','2025-05-29 08:58:21.073490');
INSERT INTO django_migrations VALUES(41,'registration','0002_alter_user_email_alter_user_first_name_and_more','2025-05-29 15:18:03.004543');
INSERT INTO django_migrations VALUES(42,'token_blacklist','0002_outstandingtoken_jti_hex','2025-05-29 15:18:03.010429');
INSERT INTO django_migrations VALUES(43,'token_blacklist','0003_auto_20171017_2007','2025-05-29 15:18:03.041347');
INSERT INTO django_migrations VALUES(44,'token_blacklist','0004_auto_20171017_2013','2025-05-29 15:18:03.047938');
INSERT INTO django_migrations VALUES(45,'token_blacklist','0005_remove_outstandingtoken_jti','2025-05-29 15:18:03.054209');
INSERT INTO django_migrations VALUES(46,'token_blacklist','0006_auto_20171017_2113','2025-05-29 15:18:03.060772');
INSERT INTO django_migrations VALUES(47,'token_blacklist','0007_auto_20171017_2214','2025-05-29 15:18:03.075497');
INSERT INTO django_migrations VALUES(48,'token_blacklist','0008_migrate_to_bigautofield','2025-05-29 15:18:03.087558');
INSERT INTO django_migrations VALUES(49,'token_blacklist','0010_fix_migrate_to_bigautofield','2025-05-29 15:18:03.100175');
INSERT INTO django_migrations VALUES(50,'token_blacklist','0011_linearizes_history','2025-05-29 15:18:03.100889');
INSERT INTO django_migrations VALUES(51,'token_blacklist','0012_alter_outstandingtoken_user','2025-05-29 15:18:03.107860');
CREATE TABLE IF NOT EXISTS "django_content_type" ("id" integer NOT NULL PRIMARY KEY AUTOINCREMENT, "app_label" varchar(100) NOT NULL, "model" varchar(100) NOT NULL);
INSERT INTO django_content_type VALUES(1,'admin','logentry');
INSERT INTO django_content_type VALUES(2,'auth','permission');
INSERT INTO django_content_type VALUES(3,'auth','group');
INSERT INTO django_content_type VALUES(4,'contenttypes','contenttype');
INSERT INTO django_content_type VALUES(5,'sessions','session');
INSERT INTO django_content_type VALUES(6,'token_blacklist','outstandingtoken');
INSERT INTO django_content_type VALUES(7,'token_blacklist','blacklistedtoken');
INSERT INTO django_content_type VALUES(8,'registration','class');
INSERT INTO django_content_type VALUES(9,'registration','course');
INSERT INTO django_content_type VALUES(10,'registration','organization');
INSERT INTO django_content_type VALUES(11,'registration','user');
INSERT INTO django_content_type VALUES(12,'registration','enrollment');
INSERT INTO django_content_type VALUES(13,'registration','faculty');
INSERT INTO django_content_type VALUES(14,'registration','fees');
INSERT INTO django_content_type VALUES(15,'registration','grade');
INSERT INTO django_content_type VALUES(16,'registration','profile');
INSERT INTO django_content_type VALUES(17,'registration','registrationrequest');
INSERT INTO django_content_type VALUES(18,'registration','section');
INSERT INTO django_content_type VALUES(19,'registration','student');
CREATE TABLE IF NOT EXISTS "auth_group_permissions" ("id" integer NOT NULL PRIMARY KEY AUTOINCREMENT, "group_id" integer NOT NULL REFERENCES "auth_group" ("id") DEFERRABLE INITIALLY DEFERRED, "permission_id" integer NOT NULL REFERENCES "auth_permission" ("id") DEFERRABLE INITIALLY DEFERRED);
CREATE TABLE IF NOT EXISTS "auth_permission" ("id" integer NOT NULL PRIMARY KEY AUTOINCREMENT, "content_type_id" integer NOT NULL REFERENCES "django_content_type" ("id") DEFERRABLE INITIALLY DEFERRED, "codename" varchar(100) NOT NULL, "name" varchar(255) NOT NULL);
INSERT INTO auth_permission VALUES(1,1,'add_logentry','Can add log entry');
INSERT INTO auth_permission VALUES(2,1,'change_logentry','Can change log entry');
INSERT INTO auth_permission VALUES(3,1,'delete_logentry','Can delete log entry');
INSERT INTO auth_permission VALUES(4,1,'view_logentry','Can view log entry');
INSERT INTO auth_permission VALUES(5,2,'add_permission','Can add permission');
INSERT INTO auth_permission VALUES(6,2,'change_permission','Can change permission');
INSERT INTO auth_permission VALUES(7,2,'delete_permission','Can delete permission');
INSERT INTO auth_permission VALUES(8,2,'view_permission','Can view permission');
INSERT INTO auth_permission VALUES(9,3,'add_group','Can add group');
INSERT INTO auth_permission VALUES(10,3,'change_group','Can change group');
INSERT INTO auth_permission VALUES(11,3,'delete_group','Can delete group');
INSERT INTO auth_permission VALUES(12,3,'view_group','Can view group');
INSERT INTO auth_permission VALUES(13,4,'add_contenttype','Can add content type');
INSERT INTO auth_permission VALUES(14,4,'change_contenttype','Can change content type');
INSERT INTO auth_permission VALUES(15,4,'delete_contenttype','Can delete content type');
INSERT INTO auth_permission VALUES(16,4,'view_contenttype','Can view content type');
INSERT INTO auth_permission VALUES(17,5,'add_session','Can add session');
INSERT INTO auth_permission VALUES(18,5,'change_session','Can change session');
INSERT INTO auth_permission VALUES(19,5,'delete_session','Can delete session');
INSERT INTO auth_permission VALUES(20,5,'view_session','Can view session');
INSERT INTO auth_permission VALUES(21,6,'add_outstandingtoken','Can add outstanding token');
INSERT INTO auth_permission VALUES(22,6,'change_outstandingtoken','Can change outstanding token');
INSERT INTO auth_permission VALUES(23,6,'delete_outstandingtoken','Can delete outstanding token');
INSERT INTO auth_permission VALUES(24,6,'view_outstandingtoken','Can view outstanding token');
INSERT INTO auth_permission VALUES(25,7,'add_blacklistedtoken','Can add blacklisted token');
INSERT INTO auth_permission VALUES(26,7,'change_blacklistedtoken','Can change blacklisted token');
INSERT INTO auth_permission VALUES(27,7,'delete_blacklistedtoken','Can delete blacklisted token');
INSERT INTO auth_permission VALUES(28,7,'view_blacklistedtoken','Can view blacklisted token');
INSERT INTO auth_permission VALUES(29,8,'add_class','Can add class');
INSERT INTO auth_permission VALUES(30,8,'change_class','Can change class');
INSERT INTO auth_permission VALUES(31,8,'delete_class','Can delete class');
INSERT INTO auth_permission VALUES(32,8,'view_class','Can view class');
INSERT INTO auth_permission VALUES(33,9,'add_course','Can add course');
INSERT INTO auth_permission VALUES(34,9,'change_course','Can change course');
INSERT INTO auth_permission VALUES(35,9,'delete_course','Can delete course');
INSERT INTO auth_permission VALUES(36,9,'view_course','Can view course');
INSERT INTO auth_permission VALUES(37,10,'add_organization','Can add organization');
INSERT INTO auth_permission VALUES(38,10,'change_organization','Can change organization');
INSERT INTO auth_permission VALUES(39,10,'delete_organization','Can delete organization');
INSERT INTO auth_permission VALUES(40,10,'view_organization','Can view organization');
INSERT INTO auth_permission VALUES(41,11,'add_user','Can add user');
INSERT INTO auth_permission VALUES(42,11,'change_user','Can change user');
INSERT INTO auth_permission VALUES(43,11,'delete_user','Can delete user');
INSERT INTO auth_permission VALUES(44,11,'view_user','Can view user');
INSERT INTO auth_permission VALUES(45,12,'add_enrollment','Can add enrollment');
INSERT INTO auth_permission VALUES(46,12,'change_enrollment','Can change enrollment');
INSERT INTO auth_permission VALUES(47,12,'delete_enrollment','Can delete enrollment');
INSERT INTO auth_permission VALUES(48,12,'view_enrollment','Can view enrollment');
INSERT INTO auth_permission VALUES(49,13,'add_faculty','Can add faculty');
INSERT INTO auth_permission VALUES(50,13,'change_faculty','Can change faculty');
INSERT INTO auth_permission VALUES(51,13,'delete_faculty','Can delete faculty');
INSERT INTO auth_permission VALUES(52,13,'view_faculty','Can view faculty');
INSERT INTO auth_permission VALUES(53,14,'add_fees','Can add fees');
INSERT INTO auth_permission VALUES(54,14,'change_fees','Can change fees');
INSERT INTO auth_permission VALUES(55,14,'delete_fees','Can delete fees');
INSERT INTO auth_permission VALUES(56,14,'view_fees','Can view fees');
INSERT INTO auth_permission VALUES(57,15,'add_grade','Can add grade');
INSERT INTO auth_permission VALUES(58,15,'change_grade','Can change grade');
INSERT INTO auth_permission VALUES(59,15,'delete_grade','Can delete grade');
INSERT INTO auth_permission VALUES(60,15,'view_grade','Can view grade');
INSERT INTO auth_permission VALUES(61,16,'add_profile','Can add profile');
INSERT INTO auth_permission VALUES(62,16,'change_profile','Can change profile');
INSERT INTO auth_permission VALUES(63,16,'delete_profile','Can delete profile');
INSERT INTO auth_permission VALUES(64,16,'view_profile','Can view profile');
INSERT INTO auth_permission VALUES(65,17,'add_registrationrequest','Can add registration request');
INSERT INTO auth_permission VALUES(66,17,'change_registrationrequest','Can change registration request');
INSERT INTO auth_permission VALUES(67,17,'delete_registrationrequest','Can delete registration request');
INSERT INTO auth_permission VALUES(68,17,'view_registrationrequest','Can view registration request');
INSERT INTO auth_permission VALUES(69,18,'add_section','Can add section');
INSERT INTO auth_permission VALUES(70,18,'change_section','Can change section');
INSERT INTO auth_permission VALUES(71,18,'delete_section','Can delete section');
INSERT INTO auth_permission VALUES(72,18,'view_section','Can view section');
INSERT INTO auth_permission VALUES(73,19,'add_student','Can add student');
INSERT INTO auth_permission VALUES(74,19,'change_student','Can change student');
INSERT INTO auth_permission VALUES(75,19,'delete_student','Can delete student');
INSERT INTO auth_permission VALUES(76,19,'view_student','Can view student');
CREATE TABLE IF NOT EXISTS "auth_group" ("id" integer NOT NULL PRIMARY KEY AUTOINCREMENT, "name" varchar(150) NOT NULL UNIQUE);
CREATE TABLE IF NOT EXISTS "django_session" ("session_key" varchar(40) NOT NULL PRIMARY KEY, "session_data" text NOT NULL, "expire_date" datetime NOT NULL);
CREATE TABLE IF NOT EXISTS "registration_organization" ("id" integer NOT NULL PRIMARY KEY AUTOINCREMENT, "name" varchar(100) NOT NULL, "address" text NOT NULL, "is_internal" bool NOT NULL, "created_at" datetime NOT NULL, "updated_at" datetime NOT NULL);
INSERT INTO registration_organization VALUES(1,'Tech University','123 Education St, Tech City',1,'2025-05-29 08:58:40.187596','2025-05-29 08:58:40.187612');
CREATE TABLE IF NOT EXISTS "registration_user_groups" ("id" integer NOT NULL PRIMARY KEY AUTOINCREMENT, "user_id" bigint NOT NULL REFERENCES "registration_user" ("id") DEFERRABLE INITIALLY DEFERRED, "group_id" integer NOT NULL REFERENCES "auth_group" ("id") DEFERRABLE INITIALLY DEFERRED);
CREATE TABLE IF NOT EXISTS "registration_user_user_permissions" ("id" integer NOT NULL PRIMARY KEY AUTOINCREMENT, "user_id" bigint NOT NULL REFERENCES "registration_user" ("id") DEFERRABLE INITIALLY DEFERRED, "permission_id" integer NOT NULL REFERENCES "auth_permission" ("id") DEFERRABLE INITIALLY DEFERRED);
CREATE TABLE IF NOT EXISTS "registration_faculty" ("id" integer NOT NULL PRIMARY KEY AUTOINCREMENT, "name" varchar(100) NOT NULL, "email" varchar(254) NOT NULL UNIQUE, "phone" varchar(15) NOT NULL, "address" text NOT NULL, "qualification" varchar(20) NULL, "specialization" varchar(100) NULL, "department" varchar(50) NULL, "years_of_experience" integer NULL, "hire_date" date NULL, "created_at" datetime NOT NULL, "updated_at" datetime NOT NULL, "user_id" bigint NOT NULL UNIQUE REFERENCES "registration_user" ("id") DEFERRABLE INITIALLY DEFERRED, "organization_id" bigint NOT NULL REFERENCES "registration_organization" ("id") DEFERRABLE INITIALLY DEFERRED);
INSERT INTO registration_faculty VALUES(1,'John Smith','faculty1@example.com','555-0101','','masters',NULL,'computer_science',NULL,NULL,'2025-05-29 08:58:40.354880','2025-05-29 08:58:40.354894',2,1);
INSERT INTO registration_faculty VALUES(2,'Sarah Johnson','faculty2@example.com','555-0102','','masters',NULL,'mathematics',NULL,NULL,'2025-05-29 08:58:40.508753','2025-05-29 08:58:40.508763',3,1);
INSERT INTO registration_faculty VALUES(3,'Michael Brown','faculty3@example.com','555-0103','','masters',NULL,'physics',NULL,NULL,'2025-05-29 08:58:40.661906','2025-05-29 08:58:40.661916',4,1);
CREATE TABLE IF NOT EXISTS "registration_fees" ("id" integer NOT NULL PRIMARY KEY AUTOINCREMENT, "base_cost" decimal NOT NULL, "faculty_cost" decimal NOT NULL, "materials_cost" decimal NOT NULL, "admin_cost" decimal NOT NULL, "profit_margin" decimal NOT NULL, "final_fee" decimal NOT NULL, "created_at" datetime NOT NULL, "updated_at" datetime NOT NULL, "course_id" bigint NOT NULL UNIQUE REFERENCES "registration_course" ("id") DEFERRABLE INITIALLY DEFERRED);
CREATE TABLE IF NOT EXISTS "registration_grade" ("id" integer NOT NULL PRIMARY KEY AUTOINCREMENT, "value" varchar(10) NOT NULL, "graded_at" datetime NOT NULL, "enrollment_id" bigint NOT NULL UNIQUE REFERENCES "registration_enrollment" ("id") DEFERRABLE INITIALLY DEFERRED);
INSERT INTO registration_grade VALUES(1,'B+','2025-05-29 08:58:41.277110',1);
INSERT INTO registration_grade VALUES(2,'C+','2025-05-29 08:58:41.278035',2);
INSERT INTO registration_grade VALUES(3,'B','2025-05-29 08:58:41.279287',4);
INSERT INTO registration_grade VALUES(4,'C+','2025-05-29 08:58:41.280261',5);
INSERT INTO registration_grade VALUES(5,'A-','2025-05-29 08:58:41.281476',7);
INSERT INTO registration_grade VALUES(6,'C','2025-05-29 08:58:41.282222',8);
INSERT INTO registration_grade VALUES(7,'C+','2025-05-29 08:58:41.283439',10);
INSERT INTO registration_grade VALUES(8,'C+','2025-05-29 08:58:41.284197',11);
CREATE TABLE IF NOT EXISTS "registration_course" ("id" integer NOT NULL PRIMARY KEY AUTOINCREMENT, "name" varchar(200) NOT NULL, "code" varchar(20) NULL UNIQUE, "description" text NOT NULL, "credits" integer unsigned NOT NULL CHECK ("credits" >= 0), "fees" decimal NOT NULL, "is_active" bool NOT NULL, "budget" text NULL CHECK ((JSON_VALID("budget") OR "budget" IS NULL)), "start_date" date NULL, "end_date" date NULL, "daily_duration" bigint NULL, "created_at" datetime NOT NULL, "updated_at" datetime NOT NULL, "primary_faculty_id" bigint NULL REFERENCES "registration_faculty" ("id") DEFERRABLE INITIALLY DEFERRED, "organization_id" bigint NOT NULL REFERENCES "registration_organization" ("id") DEFERRABLE INITIALLY DEFERRED);
INSERT INTO registration_course VALUES(1,'Introduction to Programming','CS101','Basic programming concepts',4,0,1,NULL,NULL,NULL,NULL,'2025-05-29 08:58:40.191724','2025-05-29 08:58:40.662376',1,1);
INSERT INTO registration_course VALUES(2,'Database Systems','CS201','Introduction to database management',4,0,1,NULL,NULL,NULL,NULL,'2025-05-29 08:58:40.192658','2025-05-29 08:58:40.662891',1,1);
INSERT INTO registration_course VALUES(3,'Web Development','CS301','Building web applications',4,0,1,NULL,NULL,NULL,NULL,'2025-05-29 08:58:40.193417','2025-05-29 08:58:40.663324',2,1);
INSERT INTO registration_course VALUES(4,'Calculus I','MATH101','Introduction to calculus',3,0,1,NULL,NULL,NULL,NULL,'2025-05-29 08:58:40.194141','2025-05-29 08:58:40.663755',2,1);
INSERT INTO registration_course VALUES(5,'Physics I','PHYS101','Introduction to physics',4,0,1,NULL,NULL,NULL,NULL,'2025-05-29 08:58:40.194765','2025-05-29 08:58:40.664208',3,1);
INSERT INTO registration_course VALUES(6,'English Composition','ENG101','Basic writing skills',3,0,1,NULL,NULL,NULL,NULL,'2025-05-29 08:58:40.195386','2025-05-29 08:58:40.664595',3,1);
CREATE TABLE IF NOT EXISTS "registration_class" ("id" integer NOT NULL PRIMARY KEY AUTOINCREMENT, "name" varchar(50) NOT NULL, "created_at" datetime NOT NULL, "updated_at" datetime NOT NULL, "organization_id" bigint NOT NULL REFERENCES "registration_organization" ("id") DEFERRABLE INITIALLY DEFERRED);
INSERT INTO registration_class VALUES(1,'Class 10','2025-05-29 08:58:40.189048','2025-05-29 08:58:40.189055',1);
INSERT INTO registration_class VALUES(2,'Class 11','2025-05-29 08:58:40.189657','2025-05-29 08:58:40.189663',1);
CREATE TABLE IF NOT EXISTS "registration_profile" ("id" integer NOT NULL PRIMARY KEY AUTOINCREMENT, "role" varchar(20) NOT NULL, "is_admin" bool NOT NULL, "is_faculty" bool NOT NULL, "is_student" bool NOT NULL, "user_id" bigint NOT NULL UNIQUE REFERENCES "registration_user" ("id") DEFERRABLE INITIALLY DEFERRED);
INSERT INTO registration_profile VALUES(1,'faculty',0,1,0,2);
INSERT INTO registration_profile VALUES(2,'faculty',0,1,0,3);
INSERT INTO registration_profile VALUES(3,'faculty',0,1,0,4);
INSERT INTO registration_profile VALUES(4,'student',0,0,1,5);
INSERT INTO registration_profile VALUES(5,'student',0,0,1,6);
INSERT INTO registration_profile VALUES(6,'student',0,0,1,7);
INSERT INTO registration_profile VALUES(7,'student',0,0,1,8);
INSERT INTO registration_profile VALUES(8,'admin',1,0,0,1);
CREATE TABLE IF NOT EXISTS "registration_registrationrequest" ("id" integer NOT NULL PRIMARY KEY AUTOINCREMENT, "name" varchar(100) NOT NULL, "email" varchar(254) NOT NULL, "phone" varchar(15) NOT NULL, "role" varchar(20) NOT NULL, "message" text NOT NULL, "status" varchar(20) NOT NULL, "is_processed" bool NOT NULL, "processed_at" datetime NULL, "created_at" datetime NOT NULL, "updated_at" datetime NOT NULL, "processed_by_id" bigint NULL REFERENCES "registration_user" ("id") DEFERRABLE INITIALLY DEFERRED);
INSERT INTO registration_registrationrequest VALUES(1,'New0','newstudent0@example.com','1234567890','student','Interested in joining Computer Science program.','pending',0,NULL,'2025-05-29 08:58:41.285192','2025-05-29 08:58:41.285198',1);
INSERT INTO registration_registrationrequest VALUES(2,'New1','newstudent1@example.com','1234567890','student','Interested in joining Information Technology program.','pending',0,NULL,'2025-05-29 08:58:41.285629','2025-05-29 08:58:41.285634',1);
INSERT INTO registration_registrationrequest VALUES(3,'New2','newstudent2@example.com','1234567890','student','Interested in joining Computer Science program.','pending',0,NULL,'2025-05-29 08:58:41.285972','2025-05-29 08:58:41.285976',1);
INSERT INTO registration_registrationrequest VALUES(4,'1 1','1@2.com','0123456789','student','New student registration request from landing page','rejected',0,'2025-05-30 12:15:48.644597','2025-05-29 08:59:43.729695','2025-05-30 12:15:48.644724',1);
INSERT INTO registration_registrationrequest VALUES(5,'sample sample','same@g.com','0123456789','student','New student registration request from landing page','rejected',0,'2025-05-30 12:15:42.019575','2025-05-29 15:46:41.079255','2025-05-30 12:15:42.019742',1);
CREATE TABLE IF NOT EXISTS "registration_section" ("id" integer NOT NULL PRIMARY KEY AUTOINCREMENT, "name" varchar(50) NOT NULL, "created_at" datetime NOT NULL, "updated_at" datetime NOT NULL, "class_obj_id" bigint NOT NULL REFERENCES "registration_class" ("id") DEFERRABLE INITIALLY DEFERRED);
INSERT INTO registration_section VALUES(1,'A','2025-05-29 08:58:40.190224','2025-05-29 08:58:40.190229',1);
INSERT INTO registration_section VALUES(2,'B','2025-05-29 08:58:40.190816','2025-05-29 08:58:40.190822',2);
CREATE TABLE IF NOT EXISTS "registration_student" ("id" integer NOT NULL PRIMARY KEY AUTOINCREMENT, "student_id" char(32) NOT NULL UNIQUE, "registration_id" char(32) NOT NULL UNIQUE, "name" varchar(100) NOT NULL, "email" varchar(254) NOT NULL UNIQUE, "phone" varchar(15) NOT NULL, "date_of_birth" date NOT NULL, "address" text NOT NULL, "registration_date" datetime NOT NULL, "created_at" datetime NOT NULL, "updated_at" datetime NOT NULL, "class_obj_id" bigint NOT NULL REFERENCES "registration_class" ("id") DEFERRABLE INITIALLY DEFERRED, "created_by_id" bigint NULL REFERENCES "registration_user" ("id") DEFERRABLE INITIALLY DEFERRED, "organization_id" bigint NOT NULL REFERENCES "registration_organization" ("id") DEFERRABLE INITIALLY DEFERRED, "section_id" bigint NOT NULL REFERENCES "registration_section" ("id") DEFERRABLE INITIALLY DEFERRED, "updated_by_id" bigint NULL REFERENCES "registration_user" ("id") DEFERRABLE INITIALLY DEFERRED, "user_id" bigint NULL UNIQUE REFERENCES "registration_user" ("id") DEFERRABLE INITIALLY DEFERRED);
INSERT INTO registration_student VALUES(1,'eab013d016d04a7f83dcdc8da8f5a647','26ebda67c00e49528813a8b244c04776','Alice Williams','student1@example.com','555-0201','2000-01-01','100 Student St, Tech City','2025-05-29 08:58:40.818199','2025-05-29 08:58:40.818211','2025-05-29 08:58:40.818215',1,NULL,1,1,NULL,5);
INSERT INTO registration_student VALUES(2,'e15cfbf1ff1e494bb4d7e1606303b5ce','2eb2b4aacb77416e9b2d907dab4d25f6','Bob Jones','student2@example.com','555-0202','2000-04-10','101 Student St, Tech City','2025-05-29 08:58:40.970533','2025-05-29 08:58:40.970540','2025-05-29 08:58:40.970545',1,NULL,1,2,NULL,6);
INSERT INTO registration_student VALUES(3,'de8b7e3ea34e4c9abd7ede3941aa1fc2','745a1ce39a5a4f41948fe11f8ec93a05','Carol Davis','student3@example.com','555-0203','2000-07-19','102 Student St, Tech City','2025-05-29 08:58:41.123731','2025-05-29 08:58:41.123742','2025-05-29 08:58:41.123746',2,NULL,1,1,NULL,7);
INSERT INTO registration_student VALUES(4,'f91493bb9cf442c38dcd509fad646e97','ec06edd3be384bf3aa44c72b6a790888','David Miller','student4@example.com','555-0204','2000-10-27','103 Student St, Tech City','2025-05-29 08:58:41.275756','2025-05-29 08:58:41.275764','2025-05-29 08:58:41.275770',2,NULL,1,2,NULL,8);
CREATE TABLE IF NOT EXISTS "registration_student_courses" ("id" integer NOT NULL PRIMARY KEY AUTOINCREMENT, "student_id" bigint NOT NULL REFERENCES "registration_student" ("id") DEFERRABLE INITIALLY DEFERRED, "course_id" bigint NOT NULL REFERENCES "registration_course" ("id") DEFERRABLE INITIALLY DEFERRED);
CREATE TABLE IF NOT EXISTS "registration_enrollment" ("id" integer NOT NULL PRIMARY KEY AUTOINCREMENT, "enrolled_at" datetime NOT NULL, "class_obj_id" bigint NOT NULL REFERENCES "registration_class" ("id") DEFERRABLE INITIALLY DEFERRED, "course_id" bigint NOT NULL REFERENCES "registration_course" ("id") DEFERRABLE INITIALLY DEFERRED, "section_id" bigint NOT NULL REFERENCES "registration_section" ("id") DEFERRABLE INITIALLY DEFERRED, "student_id" bigint NOT NULL REFERENCES "registration_student" ("id") DEFERRABLE INITIALLY DEFERRED);
INSERT INTO registration_enrollment VALUES(1,'2025-05-29 08:58:41.276513',1,1,1,1);
INSERT INTO registration_enrollment VALUES(2,'2025-05-29 08:58:41.277585',1,2,1,1);
INSERT INTO registration_enrollment VALUES(3,'2025-05-29 08:58:41.278492',1,3,1,1);
INSERT INTO registration_enrollment VALUES(4,'2025-05-29 08:58:41.278896',1,1,2,2);
INSERT INTO registration_enrollment VALUES(5,'2025-05-29 08:58:41.279687',1,2,2,2);
INSERT INTO registration_enrollment VALUES(6,'2025-05-29 08:58:41.280727',1,3,2,2);
INSERT INTO registration_enrollment VALUES(7,'2025-05-29 08:58:41.281126',2,1,1,3);
INSERT INTO registration_enrollment VALUES(8,'2025-05-29 08:58:41.281836',2,2,1,3);
INSERT INTO registration_enrollment VALUES(9,'2025-05-29 08:58:41.282737',2,3,1,3);
INSERT INTO registration_enrollment VALUES(10,'2025-05-29 08:58:41.283107',2,1,2,4);
INSERT INTO registration_enrollment VALUES(11,'2025-05-29 08:58:41.283837',2,2,2,4);
INSERT INTO registration_enrollment VALUES(12,'2025-05-29 08:58:41.284547',2,3,2,4);
CREATE TABLE IF NOT EXISTS "django_admin_log" ("id" integer NOT NULL PRIMARY KEY AUTOINCREMENT, "object_id" text NULL, "object_repr" varchar(200) NOT NULL, "action_flag" smallint unsigned NOT NULL CHECK ("action_flag" >= 0), "change_message" text NOT NULL, "content_type_id" integer NULL REFERENCES "django_content_type" ("id") DEFERRABLE INITIALLY DEFERRED, "user_id" bigint NOT NULL REFERENCES "registration_user" ("id") DEFERRABLE INITIALLY DEFERRED, "action_time" datetime NOT NULL);
CREATE TABLE IF NOT EXISTS "registration_user" ("id" integer NOT NULL PRIMARY KEY AUTOINCREMENT, "password" varchar(128) NOT NULL, "last_login" datetime NULL, "is_superuser" bool NOT NULL, "username" varchar(150) NULL UNIQUE, "email" varchar(254) NOT NULL UNIQUE, "last_name" varchar(150) NOT NULL, "is_active" bool NOT NULL, "is_staff" bool NOT NULL, "date_joined" datetime NOT NULL, "first_name" varchar(150) NOT NULL);
INSERT INTO registration_user VALUES(1,'pbkdf2_sha256$720000$s4QyHixpZO34OFqrFJ25UW$PboMxAP/UQsHGeOcbM+irg64d2RlI+2CfvTsnhx5Vv8=',NULL,1,'admin','admin@aae.com','',1,1,'2025-05-29 08:58:35.143397','');
INSERT INTO registration_user VALUES(2,'pbkdf2_sha256$720000$G2Slap8lXXv9TT97AgR60c$7UvDQuyEUYBjiUD+/coY135VEDuigK/LmDi4z2/Vans=',NULL,0,NULL,'faculty1@example.com','Smith',1,0,'2025-05-29 08:58:40.195978','John');
INSERT INTO registration_user VALUES(3,'pbkdf2_sha256$720000$GrCiWi3frD5Uf3XBVMKYif$j41ywoLJqMUpkl/EhvXYtZOdQtItFAKSbPlmqk/cMPA=',NULL,0,NULL,'faculty2@example.com','Johnson',1,0,'2025-05-29 08:58:40.355631','Sarah');
INSERT INTO registration_user VALUES(4,'pbkdf2_sha256$720000$H6HdGn9e8WCxigvv2Qgz2m$i+b/wbnp4O9SlFkt+/i3fS9bLVTijONNG/twLGYBWy4=',NULL,0,NULL,'faculty3@example.com','Brown',1,0,'2025-05-29 08:58:40.509428','Michael');
INSERT INTO registration_user VALUES(5,'pbkdf2_sha256$720000$bXtgLHusSdbWR2WjONxqd1$yMfzDxW6OsMkVqJ9c6ovShkLeaZL39YuyA0Ps0MAMTA=',NULL,0,NULL,'student1@example.com','Williams',1,0,'2025-05-29 08:58:40.665173','Alice');
INSERT INTO registration_user VALUES(6,'pbkdf2_sha256$720000$XXgfwNCRN7Sn4TB5z1XLK0$gFmwFaO4r64k0mRs1soApmFeTvzusHVEtwpLTRDR3zE=',NULL,0,NULL,'student2@example.com','Jones',1,0,'2025-05-29 08:58:40.819177','Bob');
INSERT INTO registration_user VALUES(7,'pbkdf2_sha256$720000$zNVOswMXTV7kL8hAprYHQW$djp2c4hQ/X+k1e+UjEnS8gIOxu9JHlttIB+C5mUFB+Y=',NULL,0,NULL,'student3@example.com','Davis',1,0,'2025-05-29 08:58:40.971215','Carol');
INSERT INTO registration_user VALUES(8,'pbkdf2_sha256$720000$04hRhGeI6pXPkemghUqBjV$AnrnPjDXsabWdMiesi7SCJ8gRWvJ5ZxLkY3m7YWvWGQ=',NULL,0,NULL,'student4@example.com','Miller',1,0,'2025-05-29 08:58:41.124428','David');
CREATE TABLE IF NOT EXISTS "token_blacklist_blacklistedtoken" ("blacklisted_at" datetime NOT NULL, "token_id" bigint NOT NULL UNIQUE REFERENCES "token_blacklist_outstandingtoken" ("id") DEFERRABLE INITIALLY DEFERRED, "id" integer NOT NULL PRIMARY KEY AUTOINCREMENT);
INSERT INTO token_blacklist_blacklistedtoken VALUES('2025-05-30 02:30:21.590613',26,1);
INSERT INTO token_blacklist_blacklistedtoken VALUES('2025-05-30 02:30:21.654745',27,2);
INSERT INTO token_blacklist_blacklistedtoken VALUES('2025-05-30 12:15:35.848074',33,3);
CREATE TABLE IF NOT EXISTS "token_blacklist_outstandingtoken" ("token" text NOT NULL, "created_at" datetime NULL, "expires_at" datetime NOT NULL, "user_id" bigint NULL REFERENCES "registration_user" ("id") DEFERRABLE INITIALLY DEFERRED, "jti" varchar(255) NOT NULL UNIQUE, "id" integer NOT NULL PRIMARY KEY AUTOINCREMENT);
INSERT INTO token_blacklist_outstandingtoken VALUES('eyJhbGciOiJIUzI1NiIsInR5cCI6IkpXVCJ9.eyJ0b2tlbl90eXBlIjoicmVmcmVzaCIsImV4cCI6MTc0OTEzNzkxMywiaWF0IjoxNzQ4NTMzMTEzLCJqdGkiOiI4N2ViNDZmN2E2MjI0MDRiYWRlOGI3ZmRiYTlhMDY5OCIsInVzZXJfaWQiOjF9.2EYcB4k2-T1Gw2O2Rp9fS8S78-AkVM3G1VUXFlSzyCw','2025-05-29 15:38:33.834771','2025-06-05 15:38:33',1,'87eb46f7a622404bade8b7fdba9a0698',1);
INSERT INTO token_blacklist_outstandingtoken VALUES('eyJhbGciOiJIUzI1NiIsInR5cCI6IkpXVCJ9.eyJ0b2tlbl90eXBlIjoicmVmcmVzaCIsImV4cCI6MTc0OTEzODIyNSwiaWF0IjoxNzQ4NTMzNDI1LCJqdGkiOiI1MWE4M2FkYzM1MjM0YjA5OGMxNWU0NzFmNTVjYzI5ZCIsInVzZXJfaWQiOjF9._n3Av_khdAULG2mXCrFChDpchaSGfDxLyGWZ7bjUusw','2025-05-29 15:43:45.047404','2025-06-05 15:43:45',1,'51a83adc35234b098c15e471f55cc29d',2);
INSERT INTO token_blacklist_outstandingtoken VALUES('eyJhbGciOiJIUzI1NiIsInR5cCI6IkpXVCJ9.eyJ0b2tlbl90eXBlIjoicmVmcmVzaCIsImV4cCI6MTc0OTEzODQxNSwiaWF0IjoxNzQ4NTMzNjE1LCJqdGkiOiJiYjY4ZDFlMGUyMjc0MjMxYWVhY2I0NDA4MDM2OWFiYSIsInVzZXJfaWQiOjF9.rC35Pjico5fSQj5j4jjchbHv1Si4YowL-yY_Avj3XE8','2025-05-29 15:46:55.287874','2025-06-05 15:46:55',1,'bb68d1e0e2274231aeacb44080369aba',3);
INSERT INTO token_blacklist_outstandingtoken VALUES('eyJhbGciOiJIUzI1NiIsInR5cCI6IkpXVCJ9.eyJ0b2tlbl90eXBlIjoicmVmcmVzaCIsImV4cCI6MTc0OTE0MzAxMSwiaWF0IjoxNzQ4NTM4MjExLCJqdGkiOiJjYzk4MmE0MGFlN2Q0ODIxODI5ZWQ5ZjQ0NGU2NTA3MyIsInVzZXJfaWQiOjF9.NU6QFQwKrfy-b8qepB6wCvhZEkDMeZVUsjq_n5xeG60','2025-05-29 17:03:31.021688','2025-06-05 17:03:31',1,'cc982a40ae7d4821829ed9f444e65073',4);
INSERT INTO token_blacklist_outstandingtoken VALUES('eyJhbGciOiJIUzI1NiIsInR5cCI6IkpXVCJ9.eyJ0b2tlbl90eXBlIjoicmVmcmVzaCIsImV4cCI6MTc0OTE0MzA4OCwiaWF0IjoxNzQ4NTM4Mjg4LCJqdGkiOiJjNTRhOGZmZmMxOGU0ZTRiYjBiZTUyZGM2OTcwODAzNiIsInVzZXJfaWQiOjJ9.JypKnJUV38W24NtR7fdQax1BLcrMvFFXIh8WVwnb0o0','2025-05-29 17:04:48.626202','2025-06-05 17:04:48',2,'c54a8fffc18e4e4bb0be52dc69708036',5);
INSERT INTO token_blacklist_outstandingtoken VALUES('eyJhbGciOiJIUzI1NiIsInR5cCI6IkpXVCJ9.eyJ0b2tlbl90eXBlIjoicmVmcmVzaCIsImV4cCI6MTc0OTE0MzIzNiwiaWF0IjoxNzQ4NTM4NDM2LCJqdGkiOiIwYWIwYmNjZjQzOGI0YWM3YTQxZWM0MmI5ZjE5NjZlMSIsInVzZXJfaWQiOjV9.Y6MKsQQ5asTwQiWoxzneXxjurp6Pun5RWky4qKaY_64','2025-05-29 17:07:16.845537','2025-06-05 17:07:16',5,'0ab0bccf438b4ac7a41ec42b9f1966e1',6);
INSERT INTO token_blacklist_outstandingtoken VALUES('eyJhbGciOiJIUzI1NiIsInR5cCI6IkpXVCJ9.eyJ0b2tlbl90eXBlIjoicmVmcmVzaCIsImV4cCI6MTc0OTE0MzQ2MSwiaWF0IjoxNzQ4NTM4NjYxLCJqdGkiOiJjM2M1MWMwNjgyODM0YzJhYjA4MDViNTc3MzZhZmFjOSIsInVzZXJfaWQiOjV9.guTxmSkZnjhx19NSlghf80hfJHQdjPj3xwb47m8U_uI','2025-05-29 17:11:01.287339','2025-06-05 17:11:01',5,'c3c51c0682834c2ab0805b57736afac9',7);
INSERT INTO token_blacklist_outstandingtoken VALUES('eyJhbGciOiJIUzI1NiIsInR5cCI6IkpXVCJ9.eyJ0b2tlbl90eXBlIjoicmVmcmVzaCIsImV4cCI6MTc0OTE0Mzc4NywiaWF0IjoxNzQ4NTM4OTg3LCJqdGkiOiI2OGYzNWQ1MjJkOTE0MmFkYTY3ZTZhOTBjNGM3ZjIwNiIsInVzZXJfaWQiOjF9.8e-dm9nE9W2Nxp0Rg5VW6m6MATI2YUWetJ6dlNZJheE','2025-05-29 17:16:27.153604','2025-06-05 17:16:27',1,'68f35d522d9142ada67e6a90c4c7f206',8);
INSERT INTO token_blacklist_outstandingtoken VALUES('eyJhbGciOiJIUzI1NiIsInR5cCI6IkpXVCJ9.eyJ0b2tlbl90eXBlIjoicmVmcmVzaCIsImV4cCI6MTc0OTE0Mzg0MSwiaWF0IjoxNzQ4NTM5MDQxLCJqdGkiOiJmMDUxNmUwYTRiZWY0NWFhYWJiMDFiM2IzNjhhMGM3ZCIsInVzZXJfaWQiOjV9.APka3u7i2FplxZxUwQQRF4uiZL6KAqiiEBQDcuwwiQA','2025-05-29 17:17:21.910408','2025-06-05 17:17:21',5,'f0516e0a4bef45aaabb01b3b368a0c7d',9);
INSERT INTO token_blacklist_outstandingtoken VALUES('eyJhbGciOiJIUzI1NiIsInR5cCI6IkpXVCJ9.eyJ0b2tlbl90eXBlIjoicmVmcmVzaCIsImV4cCI6MTc0OTE0MzkyMSwiaWF0IjoxNzQ4NTM5MTIxLCJqdGkiOiJiZTNiYmMwNWJlOGM0NTc1ODg1MzE0MTQyODkxYTU5NyIsInVzZXJfaWQiOjJ9.5b3vu3yiVGpW-goH4nxL0v9DB6GpCD9WMj1TZQS4w1s','2025-05-29 17:18:41.688806','2025-06-05 17:18:41',2,'be3bbc05be8c4575885314142891a597',10);
INSERT INTO token_blacklist_outstandingtoken VALUES('eyJhbGciOiJIUzI1NiIsInR5cCI6IkpXVCJ9.eyJ0b2tlbl90eXBlIjoicmVmcmVzaCIsImV4cCI6MTc0OTE0NTE4NiwiaWF0IjoxNzQ4NTQwMzg2LCJqdGkiOiI0ODMzMzU0NWVkNTM0N2YyYWU3ZjRhNGQ0ZmEzMWQxZSIsInVzZXJfaWQiOjF9.eOMpr6o2nKHE9ZRxcImTuBYmCnyO2x_LUbRi6hSnhrY','2025-05-29 17:39:46.443932','2025-06-05 17:39:46',1,'48333545ed5347f2ae7f4a4d4fa31d1e',11);
INSERT INTO token_blacklist_outstandingtoken VALUES('eyJhbGciOiJIUzI1NiIsInR5cCI6IkpXVCJ9.eyJ0b2tlbl90eXBlIjoicmVmcmVzaCIsImV4cCI6MTc0OTE0NTk1NywiaWF0IjoxNzQ4NTQxMTU3LCJqdGkiOiI4MDhmZjk4YzQ4NTc0ZDk5OGI5MTY0YjUzYTZkNTFkMiIsInVzZXJfaWQiOjF9.IbKr-DRJQYYgZdWv37vhQxto7z8GdJdB3ZO5e4xYVv0','2025-05-29 17:52:37.110798','2025-06-05 17:52:37',1,'808ff98c48574d998b9164b53a6d51d2',12);
INSERT INTO token_blacklist_outstandingtoken VALUES('eyJhbGciOiJIUzI1NiIsInR5cCI6IkpXVCJ9.eyJ0b2tlbl90eXBlIjoicmVmcmVzaCIsImV4cCI6MTc0OTE0NjE5MSwiaWF0IjoxNzQ4NTQxMzkxLCJqdGkiOiJiMGJjYmNlMmZiZTM0MjY3YmFhZmYwZTMxMDA5MGViMCIsInVzZXJfaWQiOjF9.85f7P6oka3K-5w2nXYfB4hXfN6gngmY6Q3HWKYV6g_Q','2025-05-29 17:56:31.579258','2025-06-05 17:56:31',1,'b0bcbce2fbe34267baaff0e310090eb0',13);
INSERT INTO token_blacklist_outstandingtoken VALUES('eyJhbGciOiJIUzI1NiIsInR5cCI6IkpXVCJ9.eyJ0b2tlbl90eXBlIjoicmVmcmVzaCIsImV4cCI6MTc0OTE0NjM4OCwiaWF0IjoxNzQ4NTQxNTg4LCJqdGkiOiIxNDQ0Nzg5YTA0ZGI0MmMxODgwYjIyYjY2MTFkY2UxNyIsInVzZXJfaWQiOjF9.eIVeEBGtjCtepGMwyBwKlf10UQFqd1nWiX9P_Q_nBqU','2025-05-29 17:59:48.203994','2025-06-05 17:59:48',1,'1444789a04db42c1880b22b6611dce17',14);
INSERT INTO token_blacklist_outstandingtoken VALUES('eyJhbGciOiJIUzI1NiIsInR5cCI6IkpXVCJ9.eyJ0b2tlbl90eXBlIjoicmVmcmVzaCIsImV4cCI6MTc0OTE0NjM5MywiaWF0IjoxNzQ4NTQxNTkzLCJqdGkiOiIwYThiY2U5OWU4NTk0OGFjOWYyMDQ2NDI3ZWQ2ZGZkYyIsInVzZXJfaWQiOjF9.dcxB3KhtrVYlu_Zn3W5wO2jmeQDfLfYLzKw5rW46WZI','2025-05-29 17:59:53.903362','2025-06-05 17:59:53',1,'0a8bce99e85948ac9f2046427ed6dfdc',15);
INSERT INTO token_blacklist_outstandingtoken VALUES('eyJhbGciOiJIUzI1NiIsInR5cCI6IkpXVCJ9.eyJ0b2tlbl90eXBlIjoicmVmcmVzaCIsImV4cCI6MTc0OTE0NjQxNywiaWF0IjoxNzQ4NTQxNjE3LCJqdGkiOiIzNDIyMWUzNjQ1YzY0NjNkODE4OWZlNTVhOWJiZjJiNiIsInVzZXJfaWQiOjF9.kh0bu97RDTpPCE2F1-c3vQJ01Wg_Dgukrr-f7g3C_ao','2025-05-29 18:00:17.148633','2025-06-05 18:00:17',1,'34221e3645c6463d8189fe55a9bbf2b6',16);
INSERT INTO token_blacklist_outstandingtoken VALUES('eyJhbGciOiJIUzI1NiIsInR5cCI6IkpXVCJ9.eyJ0b2tlbl90eXBlIjoicmVmcmVzaCIsImV4cCI6MTc0OTE0NjU4MCwiaWF0IjoxNzQ4NTQxNzgwLCJqdGkiOiI2NDlmNGFhNzcxOWM0NjQwOTZlZmJlMjIzZDU5NmNiNyIsInVzZXJfaWQiOjF9.eWdeefiwsesndvTyU80KT6vBiRdA4K-naEQupQdzIyA','2025-05-29 18:03:00.494073','2025-06-05 18:03:00',1,'649f4aa7719c464096efbe223d596cb7',17);
INSERT INTO token_blacklist_outstandingtoken VALUES('eyJhbGciOiJIUzI1NiIsInR5cCI6IkpXVCJ9.eyJ0b2tlbl90eXBlIjoicmVmcmVzaCIsImV4cCI6MTc0OTE0NjcxOCwiaWF0IjoxNzQ4NTQxOTE4LCJqdGkiOiJjNjk3MWY0NGMyYzA0YjY3YjBlYmY5YjY4MGQ5ZWE4YSIsInVzZXJfaWQiOjF9.zOWhM882-B1wQFzCKGxBfJh4uwn9jrK2oUtGgLDpIGE','2025-05-29 18:05:18.830432','2025-06-05 18:05:18',1,'c6971f44c2c04b67b0ebf9b680d9ea8a',18);
INSERT INTO token_blacklist_outstandingtoken VALUES('eyJhbGciOiJIUzI1NiIsInR5cCI6IkpXVCJ9.eyJ0b2tlbl90eXBlIjoicmVmcmVzaCIsImV4cCI6MTc0OTE0Njc0NywiaWF0IjoxNzQ4NTQxOTQ3LCJqdGkiOiJjN2Y4ZTBiMzY5N2Y0NjFlYTYyMTk3NTdmN2YyNzZlOCIsInVzZXJfaWQiOjF9.cL7E9PDKVILUtWGA8BJt86dBX0dlubfJK7Wc1Zt0cbs','2025-05-29 18:05:47.443059','2025-06-05 18:05:47',1,'c7f8e0b3697f461ea6219757f7f276e8',19);
INSERT INTO token_blacklist_outstandingtoken VALUES('eyJhbGciOiJIUzI1NiIsInR5cCI6IkpXVCJ9.eyJ0b2tlbl90eXBlIjoicmVmcmVzaCIsImV4cCI6MTc0OTE0Njc1OSwiaWF0IjoxNzQ4NTQxOTU5LCJqdGkiOiI4NjlkN2IxOGZkYjE0ZDhlYTZiNjU2Y2JlMTkxYzU2NiIsInVzZXJfaWQiOjF9.cVwVQaERwE1M4ZbDBw7t3pqnLvivK45mZ2-QYBlKF24','2025-05-29 18:05:59.927430','2025-06-05 18:05:59',1,'869d7b18fdb14d8ea6b656cbe191c566',20);
INSERT INTO token_blacklist_outstandingtoken VALUES('eyJhbGciOiJIUzI1NiIsInR5cCI6IkpXVCJ9.eyJ0b2tlbl90eXBlIjoicmVmcmVzaCIsImV4cCI6MTc0OTE0Njk3OSwiaWF0IjoxNzQ4NTQyMTc5LCJqdGkiOiJkODIwZmE3ZmQ3ODI0ZDVhODYzMDRhZDMwZDI2MTI4OSIsInVzZXJfaWQiOjF9.cnVekEN2Lku5CVBgiaM0KYx81UR9j5rlIVh_4xNqVys','2025-05-29 18:09:39.696407','2025-06-05 18:09:39',1,'d820fa7fd7824d5a86304ad30d261289',21);
INSERT INTO token_blacklist_outstandingtoken VALUES('eyJhbGciOiJIUzI1NiIsInR5cCI6IkpXVCJ9.eyJ0b2tlbl90eXBlIjoicmVmcmVzaCIsImV4cCI6MTc0OTE0NzEzMiwiaWF0IjoxNzQ4NTQyMzMyLCJqdGkiOiI5ODE3MDkyNDNmOGY0OGQyYTk2YjUyM2QyOTlkNWE4NCIsInVzZXJfaWQiOjF9.eWaYxzDOyyXwDW00nqFqHu8KMHyhmOGs5LRyWTwNlrk','2025-05-29 18:12:12.097232','2025-06-05 18:12:12',1,'981709243f8f48d2a96b523d299d5a84',22);
INSERT INTO token_blacklist_outstandingtoken VALUES('eyJhbGciOiJIUzI1NiIsInR5cCI6IkpXVCJ9.eyJ0b2tlbl90eXBlIjoicmVmcmVzaCIsImV4cCI6MTc0OTE0NzU1NywiaWF0IjoxNzQ4NTQyNzU3LCJqdGkiOiI4MDVjNDc5M2I3ZDA0ODhjODU3YWIwMDZkNzZhMDE0ZSIsInVzZXJfaWQiOjF9.msysYV76avRCOp-6_jljdcaJ6rtx-poKmFEoq9bRLx0','2025-05-29 18:19:17.296955','2025-06-05 18:19:17',1,'805c4793b7d0488c857ab006d76a014e',23);
INSERT INTO token_blacklist_outstandingtoken VALUES('eyJhbGciOiJIUzI1NiIsInR5cCI6IkpXVCJ9.eyJ0b2tlbl90eXBlIjoicmVmcmVzaCIsImV4cCI6MTc0OTE0Nzc4NSwiaWF0IjoxNzQ4NTQyOTg1LCJqdGkiOiI0ZTg0MThkMTQ2OTk0NDg1OGM2OTUzOTFiM2YzNDY4YSIsInVzZXJfaWQiOjF9.P2v5UTeDN8e_nbS95HrOZsuahoF7ph2WwXmcxnHeR2E','2025-05-29 18:23:05.994104','2025-06-05 18:23:05',1,'4e8418d1469944858c695391b3f3468a',24);
INSERT INTO token_blacklist_outstandingtoken VALUES('eyJhbGciOiJIUzI1NiIsInR5cCI6IkpXVCJ9.eyJ0b2tlbl90eXBlIjoicmVmcmVzaCIsImV4cCI6MTc0OTE0NzgwNSwiaWF0IjoxNzQ4NTQzMDA1LCJqdGkiOiI5NzMzYjRiNjUxMGY0ZmMxODk2OWRjN2QxZjRiZjgzNyIsInVzZXJfaWQiOjF9.L6heb7ovBxsQnHrsbR6PICLefz-WuZcVaO-Hx2WYq-Q','2025-05-29 18:23:25.004244','2025-06-05 18:23:25',1,'9733b4b6510f4fc18969dc7d1f4bf837',25);
INSERT INTO token_blacklist_outstandingtoken VALUES('eyJhbGciOiJIUzI1NiIsInR5cCI6IkpXVCJ9.eyJ0b2tlbl90eXBlIjoicmVmcmVzaCIsImV4cCI6MTc0OTE0NzgxNSwiaWF0IjoxNzQ4NTQzMDE1LCJqdGkiOiJmNjM2OTI2MWQwMDk0YTEzYTJjOTE5MjUzMDllNTliNiIsInVzZXJfaWQiOjF9.QVPMBFE8huUOMDTBR6pm6CCbVY0DHSxoOspCmO466-k','2025-05-29 18:23:35.428595','2025-06-05 18:23:35',1,'f6369261d0094a13a2c91925309e59b6',26);
INSERT INTO token_blacklist_outstandingtoken VALUES('eyJhbGciOiJIUzI1NiIsInR5cCI6IkpXVCJ9.eyJ0b2tlbl90eXBlIjoicmVmcmVzaCIsImV4cCI6MTc0OTE3NzAyMSwiaWF0IjoxNzQ4NTcyMjIxLCJqdGkiOiI1YTgyZGNiOTc4YTQ0OTgzYWMyNzY2ODU3ZjQ2MjFmMyIsInVzZXJfaWQiOjEsInJvbGUiOiJhZG1pbiJ9.1X5kKuGb1d11kLm8J6I2jMUTLXmnK6OiWYGzhj4gDKM',NULL,'2025-06-06 02:30:21',NULL,'5a82dcb978a44983ac2766857f4621f3',27);
INSERT INTO token_blacklist_outstandingtoken VALUES('eyJhbGciOiJIUzI1NiIsInR5cCI6IkpXVCJ9.eyJ0b2tlbl90eXBlIjoicmVmcmVzaCIsImV4cCI6MTc0OTE3NzEyMywiaWF0IjoxNzQ4NTcyMzIzLCJqdGkiOiJmZTYyZjNlYmRjOGQ0ZmJjOGFlYWM0OTc0ZDY4OTM5NCIsInVzZXJfaWQiOjF9.oEXhQ6nV1rryrriP_0LJz2rurvxBTGUwL307wMJfGMU','2025-05-30 02:32:03.433246','2025-06-06 02:32:03',1,'fe62f3ebdc8d4fbc8aeac4974d689394',28);
INSERT INTO token_blacklist_outstandingtoken VALUES('eyJhbGciOiJIUzI1NiIsInR5cCI6IkpXVCJ9.eyJ0b2tlbl90eXBlIjoicmVmcmVzaCIsImV4cCI6MTc0OTE3NzE1MiwiaWF0IjoxNzQ4NTcyMzUyLCJqdGkiOiJlZGY1ODZkYjMwNjM0MTE2ODE3YThmZDllYzNkNzBhMSIsInVzZXJfaWQiOjF9.gg0hibyR00I12aXw1OVxp0g964IE4gzvQ4Qcde8cvP8','2025-05-30 02:32:32.465741','2025-06-06 02:32:32',1,'edf586db30634116817a8fd9ec3d70a1',29);
INSERT INTO token_blacklist_outstandingtoken VALUES('eyJhbGciOiJIUzI1NiIsInR5cCI6IkpXVCJ9.eyJ0b2tlbl90eXBlIjoicmVmcmVzaCIsImV4cCI6MTc0OTE3NzI0MSwiaWF0IjoxNzQ4NTcyNDQxLCJqdGkiOiJlYmU2YTIwNjQ1Zjk0OGRiYmIxNTNmOWMwZDZjMzMxZiIsInVzZXJfaWQiOjF9.6jFTADEVXa7vucOxMGVL3WzdQSmAYymyyU9AnMdcK-A','2025-05-30 02:34:01.235499','2025-06-06 02:34:01',1,'ebe6a20645f948dbbb153f9c0d6c331f',30);
INSERT INTO token_blacklist_outstandingtoken VALUES('eyJhbGciOiJIUzI1NiIsInR5cCI6IkpXVCJ9.eyJ0b2tlbl90eXBlIjoicmVmcmVzaCIsImV4cCI6MTc0OTE3NzUyMSwiaWF0IjoxNzQ4NTcyNzIxLCJqdGkiOiJlZDcwOGFmYjVmMWI0YzJiYjY4NTYzNmQ2YjUzNjQyMSIsInVzZXJfaWQiOjF9.ilaUfH5BQYKPlaOJNvwvXdX-DqkfrMEwB1iuey7tO1g','2025-05-30 02:38:41.672092','2025-06-06 02:38:41',1,'ed708afb5f1b4c2bb685636d6b536421',31);
INSERT INTO token_blacklist_outstandingtoken VALUES('eyJhbGciOiJIUzI1NiIsInR5cCI6IkpXVCJ9.eyJ0b2tlbl90eXBlIjoicmVmcmVzaCIsImV4cCI6MTc0OTE3NzU1NiwiaWF0IjoxNzQ4NTcyNzU2LCJqdGkiOiJjZWZkODgyZDcyM2Q0ZGNiODZiZGIyYWNjMTQ2YjJiNyIsInVzZXJfaWQiOjF9.XRyakprWiJHk15pDmwgnOlEdMACMVlIzqlI9w8C307U','2025-05-30 02:39:16.914057','2025-06-06 02:39:16',1,'cefd882d723d4dcb86bdb2acc146b2b7',32);
INSERT INTO token_blacklist_outstandingtoken VALUES('eyJhbGciOiJIUzI1NiIsInR5cCI6IkpXVCJ9.eyJ0b2tlbl90eXBlIjoicmVmcmVzaCIsImV4cCI6MTc0OTE3ODM0NSwiaWF0IjoxNzQ4NTczNTQ1LCJqdGkiOiIwYzY4NmQwYTQ1ODc0NWJlOTY5NjQyMTU2NDhlMWQ1YyIsInVzZXJfaWQiOjF9.ZVO0rbGMiMPzJDPdDfhgry1KwIXpOpqKeM8C3U5abGU','2025-05-30 02:52:25.677888','2025-06-06 02:52:25',1,'0c686d0a458745be96964215648e1d5c',33);
INSERT INTO token_blacklist_outstandingtoken VALUES('eyJhbGciOiJIUzI1NiIsInR5cCI6IkpXVCJ9.eyJ0b2tlbl90eXBlIjoicmVmcmVzaCIsImV4cCI6MTc0OTIxMjEzOCwiaWF0IjoxNzQ4NjA3MzM4LCJqdGkiOiI5MDAyMGU4ZWViMWE0YjI0ODYwZDVlNTFmZjhkZWRhOCIsInVzZXJfaWQiOjF9.HHYgTgkki0XoTz7Qlrldn7z97E4r_TfsTdEOYkuTIS4','2025-05-30 12:15:38.097163','2025-06-06 12:15:38',1,'90020e8eeb1a4b24860d5e51ff8deda8',34);
INSERT INTO token_blacklist_outstandingtoken VALUES('eyJhbGciOiJIUzI1NiIsInR5cCI6IkpXVCJ9.eyJ0b2tlbl90eXBlIjoicmVmcmVzaCIsImV4cCI6MTc0OTIxMjIzMSwiaWF0IjoxNzQ4NjA3NDMxLCJqdGkiOiIzYjJmZmEzYjNhYmE0MWNhYWRhMTNkYjM2NWZkNzg2MiIsInVzZXJfaWQiOjJ9.mUq2KUio47_4RKguXHyKzccTRjpwV63wd3CZ_E6mV0E','2025-05-30 12:17:11.648851','2025-06-06 12:17:11',2,'3b2ffa3b3aba41caada13db365fd7862',35);
INSERT INTO token_blacklist_outstandingtoken VALUES('eyJhbGciOiJIUzI1NiIsInR5cCI6IkpXVCJ9.eyJ0b2tlbl90eXBlIjoicmVmcmVzaCIsImV4cCI6MTc0OTIxMjI0NywiaWF0IjoxNzQ4NjA3NDQ3LCJqdGkiOiJhNzk3ZWM2NzdiOTg0MDE4OWQzYjBiODBmNTgxZTk2YiIsInVzZXJfaWQiOjV9.ytu3IxNoGVEU0Ly7O5tNlmgdWq72JQWGkIs2bYh4qtg','2025-05-30 12:17:27.898476','2025-06-06 12:17:27',5,'a797ec677b9840189d3b0b80f581e96b',36);
DELETE FROM sqlite_sequence;
INSERT INTO sqlite_sequence VALUES('django_migrations',51);
INSERT INTO sqlite_sequence VALUES('django_content_type',19);
INSERT INTO sqlite_sequence VALUES('auth_permission',76);
INSERT INTO sqlite_sequence VALUES('auth_group',0);
INSERT INTO sqlite_sequence VALUES('registration_course',6);
INSERT INTO sqlite_sequence VALUES('registration_class',2);
INSERT INTO sqlite_sequence VALUES('registration_enrollment',12);
INSERT INTO sqlite_sequence VALUES('django_admin_log',0);
INSERT INTO sqlite_sequence VALUES('registration_organization',1);
INSERT INTO sqlite_sequence VALUES('registration_section',2);
INSERT INTO sqlite_sequence VALUES('registration_profile',8);
INSERT INTO sqlite_sequence VALUES('registration_faculty',3);
INSERT INTO sqlite_sequence VALUES('registration_student',4);
INSERT INTO sqlite_sequence VALUES('registration_grade',8);
INSERT INTO sqlite_sequence VALUES('registration_registrationrequest',5);
INSERT INTO sqlite_sequence VALUES('registration_user',8);
INSERT INTO sqlite_sequence VALUES('token_blacklist_blacklistedtoken',3);
INSERT INTO sqlite_sequence VALUES('token_blacklist_outstandingtoken',36);
CREATE UNIQUE INDEX "django_content_type_app_label_model_76bd3d3b_uniq" ON "django_content_type" ("app_label", "model");
CREATE UNIQUE INDEX "auth_group_permissions_group_id_permission_id_0cd325b0_uniq" ON "auth_group_permissions" ("group_id", "permission_id");
CREATE INDEX "auth_group_permissions_group_id_b120cbf9" ON "auth_group_permissions" ("group_id");
CREATE INDEX "auth_group_permissions_permission_id_84c5c92e" ON "auth_group_permissions" ("permission_id");
CREATE UNIQUE INDEX "auth_permission_content_type_id_codename_01ab375a_uniq" ON "auth_permission" ("content_type_id", "codename");
CREATE INDEX "auth_permission_content_type_id_2f476e4b" ON "auth_permission" ("content_type_id");
CREATE INDEX "django_session_expire_date_a5c62663" ON "django_session" ("expire_date");
CREATE UNIQUE INDEX "registration_user_groups_user_id_group_id_a8be40d4_uniq" ON "registration_user_groups" ("user_id", "group_id");
CREATE INDEX "registration_user_groups_user_id_c9fcd85a" ON "registration_user_groups" ("user_id");
CREATE INDEX "registration_user_groups_group_id_7ef7f6fa" ON "registration_user_groups" ("group_id");
CREATE UNIQUE INDEX "registration_user_user_permissions_user_id_permission_id_9c61983d_uniq" ON "registration_user_user_permissions" ("user_id", "permission_id");
CREATE INDEX "registration_user_user_permissions_user_id_a68a0114" ON "registration_user_user_permissions" ("user_id");
CREATE INDEX "registration_user_user_permissions_permission_id_2f4f2f96" ON "registration_user_user_permissions" ("permission_id");
CREATE INDEX "registration_faculty_organization_id_c21b7d06" ON "registration_faculty" ("organization_id");
CREATE INDEX "registration_course_primary_faculty_id_ff3e9935" ON "registration_course" ("primary_faculty_id");
CREATE INDEX "registration_course_organization_id_33c6a9b0" ON "registration_course" ("organization_id");
CREATE INDEX "registration_class_organization_id_b6600451" ON "registration_class" ("organization_id");
CREATE INDEX "registration_registrationrequest_processed_by_id_4fd7c2e6" ON "registration_registrationrequest" ("processed_by_id");
CREATE INDEX "registration_section_class_obj_id_695b38e0" ON "registration_section" ("class_obj_id");
CREATE INDEX "registration_student_class_obj_id_33d70330" ON "registration_student" ("class_obj_id");
CREATE INDEX "registration_student_created_by_id_4a45ed29" ON "registration_student" ("created_by_id");
CREATE INDEX "registration_student_organization_id_fb3ad67c" ON "registration_student" ("organization_id");
CREATE INDEX "registration_student_section_id_6f53e0d4" ON "registration_student" ("section_id");
CREATE INDEX "registration_student_updated_by_id_eaf6296e" ON "registration_student" ("updated_by_id");
CREATE UNIQUE INDEX "registration_student_courses_student_id_course_id_603b395e_uniq" ON "registration_student_courses" ("student_id", "course_id");
CREATE INDEX "registration_student_courses_student_id_bc6a0829" ON "registration_student_courses" ("student_id");
CREATE INDEX "registration_student_courses_course_id_d4789b37" ON "registration_student_courses" ("course_id");
CREATE INDEX "registration_enrollment_class_obj_id_2bf47696" ON "registration_enrollment" ("class_obj_id");
CREATE INDEX "registration_enrollment_course_id_c4cd10a3" ON "registration_enrollment" ("course_id");
CREATE INDEX "registration_enrollment_section_id_a02216d5" ON "registration_enrollment" ("section_id");
CREATE INDEX "registration_enrollment_student_id_6239ad52" ON "registration_enrollment" ("student_id");
CREATE INDEX "django_admin_log_content_type_id_c4bce8eb" ON "django_admin_log" ("content_type_id");
CREATE INDEX "django_admin_log_user_id_c564eba6" ON "django_admin_log" ("user_id");
CREATE INDEX "token_blacklist_outstandingtoken_user_id_83bc629a" ON "token_blacklist_outstandingtoken" ("user_id");
COMMIT;
